epoch,step,train_loss_epoch,train_loss_step,val/mae,val/rmse,val_loss
0,49,,0.8383116722106934,,,
0,99,,0.369900107383728,,,
0,149,,1.2050520181655884,,,
0,199,,0.8586452603340149,,,
0,249,,0.1563335806131363,,,
0,299,,0.9307819604873657,,,
0,349,,0.3391990661621094,,,
0,399,,0.46355706453323364,,,
0,449,,0.6223999261856079,,,
0,499,,0.7918875217437744,,,
0,549,,0.6512017846107483,,,
0,599,,0.9344002604484558,,,
0,649,,0.3017531633377075,,,
0,699,,1.354453444480896,,,
0,749,,17.74798583984375,,,
0,799,,3187.12744140625,,,
0,849,,186.68008422851562,,,
0,899,,255.5802459716797,,,
0,949,,109.00633239746094,,,
0,999,,43.236328125,,,
0,1049,,95.73453521728516,,,
0,1099,,123.52232360839844,,,
0,1149,,118.84098815917969,,,
0,1199,,52.614288330078125,,,
0,1249,,216.9759979248047,,,
0,1299,,231.29592895507812,,,
0,1349,,83.61898803710938,,,
0,1399,,50.18993377685547,,,
0,1449,,40.73625946044922,,,
0,1499,,86.53307342529297,,,
0,1549,,21.373798370361328,,,
0,1599,,19.08768081665039,,,
0,1649,,20.517711639404297,,,
0,1699,,16.141983032226562,,,
0,1749,,6.535024166107178,,,
0,1799,,28.375774383544922,,,
0,1849,,19.974519729614258,,,
0,1899,,28.488540649414062,,,
0,1949,,27.45363998413086,,,
0,1956,,,1.7901146411895752,2.2703397274017334,5.15444278717041
0,1956,9062.052734375,,,,
1,1999,,98.48194122314453,,,
1,2049,,12.295934677124023,,,
1,2099,,35.04808807373047,,,
1,2149,,32.841182708740234,,,
1,2199,,5.267679691314697,,,
1,2249,,124.23515319824219,,,
1,2299,,515.7470703125,,,
1,2349,,51.90776443481445,,,
1,2399,,63.686492919921875,,,
1,2449,,157.6268310546875,,,
1,2499,,40.15959930419922,,,
1,2549,,98.94926452636719,,,
1,2599,,208.3877410888672,,,
1,2649,,43.73955535888672,,,
1,2699,,52.18101119995117,,,
1,2749,,8654.951171875,,,
1,2799,,129005207552.0,,,
1,2849,,145128656.0,,,
1,2899,,17697646.0,,,
1,2949,,10310003.0,,,
1,2999,,10113507.0,,,
1,3049,,13780058.0,,,
1,3099,,16543094.0,,,
1,3149,,5108669.0,,,
1,3199,,16178731.0,,,
1,3249,,8549313.0,,,
1,3299,,4159365.5,,,
1,3349,,4397273.5,,,
1,3399,,2085017.75,,,
1,3449,,7758361.5,,,
1,3499,,2518913.25,,,
1,3549,,583292.3125,,,
1,3599,,746449.375,,,
1,3649,,2752419.5,,,
1,3699,,3748920.75,,,
1,3749,,2153189.0,,,
1,3799,,869518.6875,,,
1,3849,,1370615.125,,,
1,3899,,544672.5,,,
1,3913,,,2621.177978515625,3176.94091796875,10092954.0
1,3913,14788286464.0,,,,
2,3949,,641208.4375,,,
2,3999,,1900919.375,,,
2,4049,,4484934.0,,,
2,4099,,2883735.75,,,
2,4149,,1890189.25,,,
2,4199,,2981754.75,,,
2,4249,,2469058.75,,,
2,4299,,681465.625,,,
2,4349,,1394326.375,,,
2,4399,,899008.125,,,
2,4449,,1611890.25,,,
2,4499,,595241.9375,,,
2,4549,,1824520.625,,,
2,4599,,542043.5,,,
2,4649,,5295917.0,,,
2,4699,,3789489.5,,,
2,4749,,501641.1875,,,
2,4799,,113511.8359375,,,
2,4849,,347462.53125,,,
2,4899,,284532.8125,,,
2,4949,,594448.0625,,,
2,4999,,344279.40625,,,
2,5049,,285585.4375,,,
2,5099,,274866.53125,,,
2,5149,,2383291.75,,,
2,5199,,821390.125,,,
2,5249,,729082.125,,,
2,5299,,418990.6875,,,
2,5349,,475519.84375,,,
2,5399,,241496.40625,,,
2,5449,,383007.625,,,
2,5499,,713412.375,,,
2,5549,,529891.125,,,
2,5599,,440993.0625,,,
2,5649,,235669.796875,,,
2,5699,,270228.59375,,,
2,5749,,881803.125,,,
2,5799,,562799.1875,,,
2,5849,,580326.3125,,,
2,5870,,,1231.9283447265625,1559.581787109375,2432295.25
2,5870,1166008.75,,,,
3,5899,,224283.71875,,,
3,5949,,77266.9453125,,,
3,5999,,394922.0,,,
3,6049,,247073.75,,,
3,6099,,437888.40625,,,
3,6149,,543571.875,,,
3,6199,,491463.65625,,,
3,6249,,358101.15625,,,
3,6299,,1107250.25,,,
3,6349,,271312.75,,,
3,6399,,15438899.0,,,
3,6449,,3580729.25,,,
3,6499,,2702472.5,,,
3,6549,,1593505.875,,,
3,6599,,2328057.5,,,
3,6649,,129454.3984375,,,
3,6699,,794667.4375,,,
3,6749,,6957654.5,,,
3,6799,,2536572.75,,,
3,6849,,5290834.5,,,
3,6899,,1275572.25,,,
3,6949,,1617504.375,,,
3,6999,,861348.8125,,,
3,7049,,267257.59375,,,
3,7099,,153234.484375,,,
3,7149,,143090.734375,,,
3,7199,,1132309.875,,,
3,7249,,777566.125,,,
3,7299,,260846.0,,,
3,7349,,518132.84375,,,
3,7399,,178924.9375,,,
3,7449,,228581.328125,,,
3,7499,,119717.9765625,,,
3,7549,,265015.71875,,,
3,7599,,1075828.0,,,
3,7649,,119662.6484375,,,
3,7699,,105650.9375,,,
3,7749,,322846.53125,,,
3,7799,,623449.375,,,
3,7827,,,104.68375396728516,155.23089599609375,24096.630859375
3,7827,5518495.0,,,,
4,7849,,264268.3125,,,
4,7899,,179158.78125,,,
4,7949,,274693.4375,,,
4,7999,,23772592.0,,,
4,8049,,210135.625,,,
4,8099,,219164.671875,,,
4,8149,,269268.8125,,,
4,8199,,281085.5,,,
4,8249,,177751.796875,,,
4,8299,,177700.15625,,,
4,8349,,114040.0390625,,,
4,8399,,69996.2734375,,,
4,8449,,73609.1484375,,,
4,8499,,88565.2734375,,,
4,8549,,87279.8125,,,
4,8599,,335368.75,,,
4,8649,,3285147.25,,,
4,8699,,69003.453125,,,
4,8749,,36351.7109375,,,
4,8799,,78695.890625,,,
4,8849,,89979.0234375,,,
4,8899,,55994.79296875,,,
4,8949,,81362.421875,,,
4,8999,,78621.421875,,,
4,9049,,56656.21875,,,
4,9099,,18126.01953125,,,
4,9149,,46158.11328125,,,
4,9199,,22861.564453125,,,
4,9249,,17700.44140625,,,
4,9299,,64817.7265625,,,
4,9349,,40050.87109375,,,
4,9399,,62654.01953125,,,
4,9449,,23282.783203125,,,
4,9499,,179707.5625,,,
4,9549,,284531.09375,,,
4,9599,,460942.6875,,,
4,9649,,1071723.75,,,
4,9699,,349081.4375,,,
4,9749,,53011.26953125,,,
4,9784,,,545.3602905273438,1003.8074951171875,1007629.4375
4,9784,450421.21875,,,,
5,9799,,6033876.5,,,
5,9849,,60901.375,,,
5,9899,,87822.0546875,,,
5,9949,,43163.4921875,,,
5,9999,,1286929.75,,,
5,10049,,68524.5234375,,,
5,10099,,37325.53125,,,
5,10149,,316676.8125,,,
5,10199,,234903.21875,,,
5,10249,,49317.2265625,,,
5,10299,,63995.42578125,,,
5,10349,,127951.3515625,,,
5,10399,,111499.328125,,,
5,10449,,140113.046875,,,
5,10499,,84360.9765625,,,
5,10549,,55024.0546875,,,
5,10599,,46448.16796875,,,
5,10649,,14895.0546875,,,
5,10699,,53515.6015625,,,
5,10749,,44577.6015625,,,
5,10799,,15252.630859375,,,
5,10849,,19672.37890625,,,
5,10899,,45085.6640625,,,
5,10949,,18478.375,,,
5,10999,,27861.21875,,,
5,11049,,26610.109375,,,
5,11099,,11053.048828125,,,
5,11149,,26523.375,,,
5,11199,,23232.275390625,,,
5,11249,,25075.193359375,,,
5,11299,,6425.84423828125,,,
5,11349,,38666.51171875,,,
5,11399,,22121.03515625,,,
5,11449,,31659.75390625,,,
5,11499,,7646.54931640625,,,
5,11549,,10924.546875,,,
5,11599,,9191.486328125,,,
5,11649,,22688.23828125,,,
5,11699,,24175.099609375,,,
5,11741,,,233.590576171875,379.3934020996094,143939.34375
5,11741,119911.6015625,,,,
6,11749,,57674.82421875,,,
6,11799,,7793.82958984375,,,
6,11849,,16638.556640625,,,
6,11899,,16267.7158203125,,,
6,11949,,33861.3828125,,,
6,11999,,16866.47265625,,,
6,12049,,6976.4375,,,
6,12099,,6342.7451171875,,,
6,12149,,11674.865234375,,,
6,12199,,5548.8388671875,,,
6,12249,,13752.96875,,,
6,12299,,3281.342529296875,,,
6,12349,,10674.4609375,,,
6,12399,,49417.0546875,,,
6,12449,,23257.26171875,,,
6,12499,,7613.4931640625,,,
6,12549,,7397.98681640625,,,
6,12599,,6657.3505859375,,,
6,12649,,8901.8408203125,,,
6,12699,,85052.234375,,,
6,12749,,54289.1953125,,,
6,12799,,16615.7890625,,,
6,12849,,98450.234375,,,
6,12899,,2475.596923828125,,,
6,12949,,24378.439453125,,,
6,12999,,33311.53125,,,
6,13049,,76092.546875,,,
6,13099,,20133.20703125,,,
6,13149,,11496.099609375,,,
6,13199,,30116.88671875,,,
6,13249,,40842.12890625,,,
6,13299,,10167.818359375,,,
6,13349,,32586.10546875,,,
6,13399,,12023.6044921875,,,
6,13449,,25112.8125,,,
6,13499,,12442.3203125,,,
6,13549,,15516.3408203125,,,
6,13599,,59866.55078125,,,
6,13649,,5926.671875,,,
6,13698,,,124.52635955810547,219.08473205566406,47998.1171875
6,13698,29206.482421875,,,,
7,13699,,8765.853515625,,,
7,13749,,17796.31640625,,,
7,13799,,21372.65234375,,,
7,13849,,18203.66015625,,,
7,13899,,9333.525390625,,,
7,13949,,15063.181640625,,,
7,13999,,11355.306640625,,,
7,14049,,3184.283203125,,,
7,14099,,46695.41796875,,,
7,14149,,6457.09716796875,,,
7,14199,,13275.0810546875,,,
7,14249,,13180.638671875,,,
7,14299,,3222.188720703125,,,
7,14349,,2951.084228515625,,,
7,14399,,17995.28125,,,
7,14449,,21421.287109375,,,
7,14499,,25840.48828125,,,
7,14549,,7096.45556640625,,,
7,14599,,48241.98046875,,,
7,14649,,9916.7626953125,,,
7,14699,,12266.15625,,,
7,14749,,2986.4521484375,,,
7,14799,,62438.05078125,,,
7,14849,,108229.2734375,,,
7,14899,,33834.5703125,,,
7,14949,,80999.6171875,,,
7,14999,,112116.234375,,,
7,15049,,157460.0,,,
7,15099,,7323.91015625,,,
7,15149,,2432.596923828125,,,
7,15199,,3756.76611328125,,,
7,15249,,81318.3203125,,,
7,15299,,8017.64990234375,,,
7,15349,,4176.2646484375,,,
7,15399,,158855.765625,,,
7,15449,,17227.2890625,,,
7,15499,,34319.5703125,,,
7,15549,,6826.76953125,,,
7,15599,,23470.451171875,,,
7,15649,,2117.96533203125,,,
7,15655,,,85.92715454101562,102.86112213134766,10580.41015625
7,15655,34476.8828125,,,,
8,15699,,11956.291015625,,,
8,15749,,26275.603515625,,,
8,15799,,6966.72265625,,,
8,15849,,7662.05859375,,,
8,15899,,5866.5244140625,,,
8,15949,,4434.0146484375,,,
8,15999,,25353.142578125,,,
8,16049,,7900.2607421875,,,
8,16099,,10602.89453125,,,
8,16149,,7533.7724609375,,,
8,16199,,5722.86474609375,,,
8,16249,,10052.04296875,,,
8,16299,,2189.102294921875,,,
8,16349,,3247.38720703125,,,
8,16399,,11681.720703125,,,
8,16449,,2014.4713134765625,,,
8,16499,,6534.1474609375,,,
8,16549,,3759.79931640625,,,
8,16599,,1320.24365234375,,,
8,16649,,1777.2105712890625,,,
8,16699,,27296.16796875,,,
8,16749,,2676.538330078125,,,
8,16799,,2674.305908203125,,,
8,16849,,3554.57421875,,,
8,16899,,12014.80078125,,,
8,16949,,26474.365234375,,,
8,16999,,1676.881103515625,,,
8,17049,,89136.3984375,,,
8,17099,,3682.57275390625,,,
8,17149,,3820.95361328125,,,
8,17199,,2449.6884765625,,,
8,17249,,42222.13671875,,,
8,17299,,5318.86279296875,,,
8,17349,,8459.1875,,,
8,17399,,1360.9373779296875,,,
8,17449,,3099.989990234375,,,
8,17499,,1726.7037353515625,,,
8,17549,,4714.9228515625,,,
8,17599,,5101.9736328125,,,
8,17612,,,16.689977645874023,22.467330932617188,504.7809753417969
8,17612,10844.5029296875,,,,
9,17649,,6959.0234375,,,
9,17699,,6428.9755859375,,,
9,17749,,824.7980346679688,,,
9,17799,,2743.371337890625,,,
9,17849,,2557.47802734375,,,
9,17899,,3657.330078125,,,
9,17949,,1987.4759521484375,,,
9,17999,,1289.8558349609375,,,
9,18049,,1474.03564453125,,,
9,18099,,1487.648193359375,,,
9,18149,,2472.082275390625,,,
9,18199,,35037.5859375,,,
9,18249,,11650.154296875,,,
9,18299,,3291.483642578125,,,
9,18349,,86942.453125,,,
9,18399,,33906646581248.0,,,
9,18449,,14624928825344.0,,,
9,18499,,1119375982592.0,,,
9,18549,,6208571310080.0,,,
9,18599,,2052347789312.0,,,
9,18649,,5717393145856.0,,,
9,18699,,1223042269184.0,,,
9,18749,,1249297956864.0,,,
9,18799,,2543000748032.0,,,
9,18849,,1002696409088.0,,,
9,18899,,2039115677696.0,,,
9,18949,,2715943698432.0,,,
9,18999,,2895346663424.0,,,
9,19049,,2027026382848.0,,,
9,19099,,2511843885056.0,,,
9,19149,,238072545280.0,,,
9,19199,,1284132438016.0,,,
9,19249,,166917652480.0,,,
9,19299,,482487992320.0,,,
9,19349,,217267585024.0,,,
9,19399,,2891509137408.0,,,
9,19449,,168058978304.0,,,
9,19499,,535167926272.0,,,
9,19549,,927294029824.0,,,
9,19569,,,74562.265625,97766.4140625,9558272000.0
9,19569,267028032126976.0,,,,
10,19599,,339855147008.0,,,
10,19649,,885386772480.0,,,
10,19699,,417481654272.0,,,
10,19749,,661093875712.0,,,
10,19799,,527409807360.0,,,
10,19849,,259773071360.0,,,
10,19899,,525548290048.0,,,
10,19949,,124582322176.0,,,
10,19999,,134099451904.0,,,
10,20049,,990435934208.0,,,
10,20099,,62804840448.0,,,
10,20149,,301982646272.0,,,
10,20199,,491700256768.0,,,
10,20249,,528390717440.0,,,
10,20299,,481595850752.0,,,
10,20349,,134527909888.0,,,
10,20399,,261449809920.0,,,
10,20449,,26016208896.0,,,
10,20499,,809992257536.0,,,
10,20549,,530519162880.0,,,
10,20599,,166962561024.0,,,
10,20649,,243139166208.0,,,
10,20699,,340926267392.0,,,
10,20749,,65942913024.0,,,
10,20799,,63776235520.0,,,
10,20849,,165705777152.0,,,
10,20899,,70810730496.0,,,
10,20949,,200919662592.0,,,
10,20999,,55518199808.0,,,
10,21049,,641674379264.0,,,
10,21099,,342348136448.0,,,
10,21149,,178932842496.0,,,
10,21199,,102833594368.0,,,
10,21249,,202162733056.0,,,
10,21299,,178958008320.0,,,
10,21349,,63881060352.0,,,
10,21399,,26478710784.0,,,
10,21449,,102360072192.0,,,
10,21499,,65536622592.0,,,
10,21526,,,207546.34375,251700.953125,63353372672.0
10,21526,334958460928.0,,,,
11,21549,,158481235968.0,,,
11,21599,,69485617152.0,,,
11,21649,,235567628288.0,,,
11,21699,,254002249728.0,,,
11,21749,,146931073024.0,,,
11,21799,,40173240320.0,,,
11,21849,,59508862976.0,,,
11,21899,,170935517184.0,,,
11,21949,,362594631680.0,,,
11,21999,,81800904704.0,,,
11,22049,,148397785088.0,,,
11,22099,,30938322944.0,,,
11,22149,,133034344448.0,,,
11,22199,,104633753600.0,,,
11,22249,,26073759744.0,,,
11,22299,,60132720640.0,,,
11,22349,,71807082496.0,,,
11,22399,,55562665984.0,,,
11,22449,,107579260928.0,,,
11,22499,,61586202624.0,,,
11,22549,,54521716736.0,,,
11,22599,,127357706240.0,,,
11,22649,,108163768320.0,,,
11,22699,,40475500544.0,,,
11,22749,,58211139584.0,,,
11,22799,,27950458880.0,,,
11,22849,,337652023296.0,,,
11,22899,,100538015744.0,,,
11,22949,,339788136448.0,,,
11,22999,,81874608128.0,,,
11,23049,,13453622272.0,,,
11,23099,,66757722112.0,,,
11,23149,,22104649728.0,,,
11,23199,,85654011904.0,,,
11,23249,,102479536128.0,,,
11,23299,,35513372672.0,,,
11,23349,,48256049152.0,,,
11,23399,,9272346624.0,,,
11,23449,,32525101056.0,,,
11,23483,,,220925.84375,265005.875,70228115456.0
11,23483,96910999552.0,,,,
12,23499,,32290164736.0,,,
12,23549,,11630970880.0,,,
12,23599,,175770959872.0,,,
12,23649,,45374574592.0,,,
12,23699,,116032978944.0,,,
12,23749,,72255488000.0,,,
12,23799,,39736975360.0,,,
12,23849,,12380856320.0,,,
12,23899,,26157381632.0,,,
12,23949,,14849218560.0,,,
12,23999,,26205130752.0,,,
12,24049,,36250681344.0,,,
12,24099,,46032285696.0,,,
12,24149,,14823429120.0,,,
12,24199,,20263006208.0,,,
12,24249,,33230051328.0,,,
12,24299,,13170198528.0,,,
12,24349,,22618349568.0,,,
12,24399,,12238814208.0,,,
12,24449,,21478629376.0,,,
12,24499,,57149251584.0,,,
12,24549,,17948106752.0,,,
12,24599,,6645392896.0,,,
12,24649,,27907665920.0,,,
12,24699,,93179183104.0,,,
12,24749,,100898332672.0,,,
12,24799,,3252934144.0,,,
12,24849,,212064616448.0,,,
12,24899,,65206562816.0,,,
12,24949,,16711095296.0,,,
12,24999,,28574117888.0,,,
12,25049,,35523829760.0,,,
12,25099,,4873027584.0,,,
12,25149,,117425741824.0,,,
12,25199,,25680769024.0,,,
12,25249,,8042560000.0,,,
12,25299,,154023968768.0,,,
12,25349,,15640739840.0,,,
12,25399,,27360022528.0,,,
12,25440,,,158886.234375,192840.28125,37187375104.0
12,25440,42593816576.0,,,,
13,25449,,40533323776.0,,,
13,25499,,5002385408.0,,,
13,25549,,16313889792.0,,,
13,25599,,13323696128.0,,,
13,25649,,10683829248.0,,,
13,25699,,14651978752.0,,,
13,25749,,3701100032.0,,,
13,25799,,23633276928.0,,,
13,25849,,14599079936.0,,,
13,25899,,6532546560.0,,,
13,25949,,4078636288.0,,,
13,25999,,13844270080.0,,,
13,26049,,52615946240.0,,,
13,26099,,10602493952.0,,,
13,26149,,28748834816.0,,,
13,26199,,12475056128.0,,,
13,26249,,11463842816.0,,,
13,26299,,3525210112.0,,,
13,26349,,5031091200.0,,,
13,26399,,13035191296.0,,,
13,26449,,3309582848.0,,,
13,26499,,8721637376.0,,,
13,26549,,14101723136.0,,,
13,26599,,11627776000.0,,,
13,26649,,815307520.0,,,
13,26699,,2262989312.0,,,
13,26749,,6076813312.0,,,
13,26799,,5496830976.0,,,
13,26849,,20748574720.0,,,
13,26899,,16525396992.0,,,
13,26949,,282990641152.0,,,
13,26999,,59474796544.0,,,
13,27049,,5781022208.0,,,
13,27099,,64035446784.0,,,
13,27149,,7508685824.0,,,
13,27199,,19116222464.0,,,
13,27249,,12170969088.0,,,
13,27299,,16999276544.0,,,
13,27349,,17624438784.0,,,
13,27397,,,69152.078125,104116.7265625,10840292352.0
13,27397,22562850816.0,,,,
14,27399,,5117657088.0,,,
14,27449,,2354098176.0,,,
14,27499,,14080313344.0,,,
14,27549,,5009822720.0,,,
14,27599,,7630458880.0,,,
14,27649,,7906741248.0,,,
14,27699,,2629901312.0,,,
14,27749,,5573876736.0,,,
14,27799,,7530005504.0,,,
14,27849,,6804367872.0,,,
14,27899,,5919308288.0,,,
14,27949,,6947970048.0,,,
14,27999,,3644695040.0,,,
14,28049,,178004099072.0,,,
14,28099,,38923915264.0,,,
14,28149,,454561521205248.0,,,
14,28199,,254597172035584.0,,,
14,28249,,2316293373952.0,,,
14,28299,,753002938368.0,,,
14,28349,,1633265778688.0,,,
14,28399,,2290648350720.0,,,
14,28449,,375787683840.0,,,
14,28499,,1991531298816.0,,,
14,28549,,1897058271232.0,,,
14,28599,,213027356672.0,,,
14,28649,,389468717056.0,,,
14,28699,,238598012928.0,,,
14,28749,,72728018944.0,,,
14,28799,,740378017792.0,,,
14,28849,,100096450560.0,,,
14,28899,,172712165376.0,,,
14,28949,,68349370368.0,,,
14,28999,,87953866752.0,,,
14,29049,,1058867249152.0,,,
14,29099,,138713071616.0,,,
14,29149,,81254105088.0,,,
14,29199,,285206839296.0,,,
14,29249,,199295156224.0,,,
14,29299,,117085069312.0,,,
14,29349,,96138010624.0,,,
14,29354,,,74456.59375,96061.2109375,9227756544.0
14,29354,20880411328512.0,,,,
15,29399,,222399692800.0,,,
15,29449,,86954885120.0,,,
15,29499,,139514904576.0,,,
15,29549,,94804992000.0,,,
15,29599,,183934828544.0,,,
15,29649,,86100000768.0,,,
15,29699,,40380198912.0,,,
15,29749,,31654555648.0,,,
15,29799,,52184387584.0,,,
15,29849,,29417396224.0,,,
15,29899,,92517154816.0,,,
15,29949,,102344105984.0,,,
15,29999,,58870673408.0,,,
15,30049,,46096171008.0,,,
15,30099,,116369375232.0,,,
15,30149,,19534606336.0,,,
15,30199,,48747642880.0,,,
15,30249,,153846759424.0,,,
15,30299,,8044582400.0,,,
15,30349,,101188780032.0,,,
15,30399,,38745071616.0,,,
15,30449,,50071199744.0,,,
15,30499,,81200611328.0,,,
15,30549,,30070581248.0,,,
15,30599,,151807655936.0,,,
15,30649,,42371096576.0,,,
15,30699,,20895801344.0,,,
15,30749,,38673334272.0,,,
15,30799,,129656209408.0,,,
15,30849,,13716903936.0,,,
15,30899,,54889717760.0,,,
15,30949,,93173317632.0,,,
15,30999,,53293182976.0,,,
15,31049,,15386312704.0,,,
15,31099,,16237217792.0,,,
15,31149,,15330564096.0,,,
15,31199,,84445757440.0,,,
15,31249,,60064866304.0,,,
15,31299,,43183853568.0,,,
15,31311,,,10428.9921875,16285.763671875,265226112.0
15,31311,96805412864.0,,,,
16,31349,,17009462272.0,,,
16,31399,,33606692864.0,,,
16,31449,,20428505088.0,,,
16,31499,,38358474752.0,,,
16,31549,,13015928832.0,,,
16,31599,,26838487040.0,,,
16,31649,,35002826752.0,,,
16,31699,,27959158784.0,,,
16,31749,,46088089600.0,,,
16,31799,,51201597440.0,,,
16,31849,,8859637760.0,,,
16,31899,,54384738304.0,,,
16,31949,,36564914176.0,,,
16,31999,,7314574336.0,,,
16,32049,,23137396736.0,,,
16,32099,,22730133504.0,,,
16,32149,,65541201920.0,,,
16,32199,,28493977600.0,,,
16,32249,,18321473536.0,,,
16,32299,,10696774656.0,,,
16,32349,,28463474688.0,,,
16,32399,,54306447360.0,,,
16,32449,,15176669184.0,,,
16,32499,,38743678976.0,,,
16,32549,,10672687104.0,,,
16,32599,,17915654144.0,,,
16,32649,,60785680384.0,,,
16,32699,,10809085952.0,,,
16,32749,,4915266048.0,,,
16,32799,,16681699328.0,,,
16,32849,,20407113728.0,,,
16,32899,,24532463616.0,,,
16,32949,,13842020352.0,,,
16,32999,,19113938944.0,,,
16,33049,,29018353664.0,,,
16,33099,,25953247232.0,,,
16,33149,,50576531456.0,,,
16,33199,,42965622784.0,,,
16,33249,,9271741440.0,,,
16,33268,,,37970.94921875,56125.765625,3150101760.0
16,33268,37504954368.0,,,,
17,33299,,11910418432.0,,,
17,33349,,14702077952.0,,,
17,33399,,26743304192.0,,,
17,33449,,456121450496.0,,,
17,33499,,272380280832.0,,,
17,33549,,30005555200.0,,,
17,33599,,14049927168.0,,,
17,33649,,17296734208.0,,,
17,33699,,13135727616.0,,,
17,33749,,8995221504.0,,,
17,33799,,57707716608.0,,,
17,33849,,135244333056.0,,,
17,33899,,19270225920.0,,,
17,33949,,17484355584.0,,,
17,33999,,9823639552.0,,,
17,34049,,9933309952.0,,,
17,34099,,10512915456.0,,,
17,34149,,10313197568.0,,,
17,34199,,15261368320.0,,,
17,34249,,5112342016.0,,,
17,34299,,4583703552.0,,,
17,34349,,15943737344.0,,,
17,34399,,27285303296.0,,,
17,34449,,41478225920.0,,,
17,34499,,6657443328.0,,,
17,34549,,3917527040.0,,,
17,34599,,5273969152.0,,,
17,34649,,32363757568.0,,,
17,34699,,13661457408.0,,,
17,34749,,13682853888.0,,,
17,34799,,4990102016.0,,,
17,34849,,19095611392.0,,,
17,34899,,2610853376.0,,,
17,34949,,2410809856.0,,,
17,34999,,8958541824.0,,,
17,35049,,5502190592.0,,,
17,35099,,3091461376.0,,,
17,35149,,13786736640.0,,,
17,35199,,5344592896.0,,,
17,35225,,,15808.0166015625,41388.27734375,1712989440.0
17,35225,40083722240.0,,,,
18,35249,,2167251968.0,,,
18,35299,,8690446336.0,,,
18,35349,,34613702656.0,,,
18,35399,,6192902144.0,,,
18,35449,,5066107904.0,,,
18,35499,,20745084928.0,,,
18,35549,,7052673024.0,,,
18,35599,,4114045696.0,,,
18,35649,,4059005696.0,,,
18,35699,,32313743360.0,,,
18,35749,,26378616832.0,,,
18,35799,,8089248768.0,,,
18,35849,,3594441984.0,,,
18,35899,,955851136.0,,,
18,35949,,10034923520.0,,,
18,35999,,3021136128.0,,,
18,36049,,22816761856.0,,,
18,36099,,4212583936.0,,,
18,36149,,90395820032.0,,,
18,36199,,1712316416.0,,,
18,36249,,16272037888.0,,,
18,36299,,3996570880.0,,,
18,36349,,4600064000.0,,,
18,36399,,2485270784.0,,,
18,36449,,7458688000.0,,,
18,36499,,23030110208.0,,,
18,36549,,5622668800.0,,,
18,36599,,11531814912.0,,,
18,36649,,2354926080.0,,,
18,36699,,6035397120.0,,,
18,36749,,12309709824.0,,,
18,36799,,3984829952.0,,,
18,36849,,4600260608.0,,,
18,36899,,5068377600.0,,,
18,36949,,1795377152.0,,,
18,36999,,5233007616.0,,,
18,37049,,2182579712.0,,,
18,37099,,2400379136.0,,,
18,37149,,5539408896.0,,,
18,37182,,,36999.48046875,47862.6015625,2290828544.0
18,37182,10569034752.0,,,,
19,37199,,77829685248.0,,,
19,37249,,2669128192.0,,,
19,37299,,936358720.0,,,
19,37349,,3692997888.0,,,
19,37399,,25565886464.0,,,
19,37449,,5101394944.0,,,
19,37499,,378293792.0,,,
19,37549,,5255045120.0,,,
19,37599,,1729581696.0,,,
19,37649,,992395456.0,,,
19,37699,,578113536.0,,,
19,37749,,421333856.0,,,
19,37799,,617835584.0,,,
19,37849,,3388969472.0,,,
19,37899,,957325696.0,,,
19,37949,,912599872.0,,,
19,37999,,4083963136.0,,,
19,38049,,4232228864.0,,,
19,38099,,2777144320.0,,,
19,38149,,1932908160.0,,,
19,38199,,2727955712.0,,,
19,38249,,850208832.0,,,
19,38299,,679550528.0,,,
19,38349,,1641850496.0,,,
19,38399,,5481201152.0,,,
19,38449,,2518077952.0,,,
19,38499,,290236352.0,,,
19,38549,,3568911104.0,,,
19,38599,,1117000960.0,,,
19,38649,,498134112.0,,,
19,38699,,1747275136.0,,,
19,38749,,11649709056.0,,,
19,38799,,1671872384.0,,,
19,38849,,1692824320.0,,,
19,38899,,1471502080.0,,,
19,38949,,792116800.0,,,
19,38999,,749090368.0,,,
19,39049,,2071389952.0,,,
19,39099,,2310464000.0,,,
19,39139,,,23292.67578125,27741.8515625,769610304.0
19,39139,4645947904.0,,,,
20,39149,,1868029696.0,,,
20,39199,,631276672.0,,,
20,39249,,1101276544.0,,,
20,39299,,1654536192.0,,,
20,39349,,3400686080.0,,,
20,39399,,5371921408.0,,,
20,39449,,726061568.0,,,
20,39499,,2908241408.0,,,
20,39549,,847976064.0,,,
20,39599,,796380672.0,,,
20,39649,,867334976.0,,,
20,39699,,497286080.0,,,
20,39749,,3390406144.0,,,
20,39799,,1030870656.0,,,
20,39849,,1068390784.0,,,
20,39899,,597262720.0,,,
20,39949,,336008768.0,,,
20,39999,,5568017408.0,,,
20,40049,,4008150528.0,,,
20,40099,,2174668032.0,,,
20,40149,,2169051648.0,,,
20,40199,,800454528.0,,,
20,40249,,519355712.0,,,
20,40299,,939202752.0,,,
20,40349,,1541416704.0,,,
20,40399,,771114880.0,,,
20,40449,,2412958208.0,,,
20,40499,,2576623872.0,,,
20,40549,,1630420352.0,,,
20,40599,,2130571008.0,,,
20,40649,,717897536.0,,,
20,40699,,385198560.0,,,
20,40749,,2891872512.0,,,
20,40799,,1210719744.0,,,
20,40849,,398438784.0,,,
20,40899,,99779088.0,,,
20,40949,,289398944.0,,,
20,40999,,606200768.0,,,
20,41049,,248824016.0,,,
20,41096,,,8627.1533203125,10092.791015625,101864440.0
20,41096,2107735680.0,,,,
21,41099,,1829510784.0,,,
21,41149,,116600728.0,,,
21,41199,,837897600.0,,,
21,41249,,195171856.0,,,
21,41299,,1938245248.0,,,
21,41349,,2926153472.0,,,
21,41399,,139276960.0,,,
21,41449,,491071328.0,,,
21,41499,,334384448.0,,,
21,41549,,2155365888.0,,,
21,41599,,2651570944.0,,,
21,41649,,233008560.0,,,
21,41699,,168566704.0,,,
21,41749,,289107904.0,,,
21,41799,,171884416.0,,,
21,41849,,197632224.0,,,
21,41899,,189719936.0,,,
21,41949,,106700016.0,,,
21,41999,,285707296.0,,,
21,42049,,469183392.0,,,
21,42099,,137046944.0,,,
21,42149,,262692816.0,,,
21,42199,,145523520.0,,,
21,42249,,222119344.0,,,
21,42299,,243116832.0,,,
21,42349,,121701416.0,,,
21,42399,,963024704.0,,,
21,42449,,271277664.0,,,
21,42499,,252828512.0,,,
21,42549,,188989536.0,,,
21,42599,,105867864.0,,,
21,42649,,219544704.0,,,
21,42699,,336277696.0,,,
21,42749,,399631040.0,,,
21,42799,,156251584.0,,,
21,42849,,235631328.0,,,
21,42899,,195610160.0,,,
21,42949,,140970816.0,,,
21,42999,,291955072.0,,,
21,43049,,201397600.0,,,
21,43053,,,1431.9476318359375,2151.97021484375,4630976.0
21,43053,486386592.0,,,,
22,43099,,251430272.0,,,
22,43149,,678920704.0,,,
22,43199,,530606496.0,,,
22,43249,,857574848.0,,,
22,43299,,169769200.0,,,
22,43349,,353190464.0,,,
22,43399,,245970384.0,,,
22,43449,,150791712.0,,,
22,43499,,408683360.0,,,
22,43549,,239729968.0,,,
22,43599,,225002064.0,,,
22,43649,,293828640.0,,,
22,43699,,82706672.0,,,
22,43749,,3389321728.0,,,
22,43799,,5359888896.0,,,
22,43849,,6687945728.0,,,
22,43899,,1182652672.0,,,
22,43949,,230110464.0,,,
22,43999,,278105440.0,,,
22,44049,,745629376.0,,,
22,44099,,187645168.0,,,
22,44149,,215610080.0,,,
22,44199,,302690720.0,,,
22,44249,,210356832.0,,,
22,44299,,164251968.0,,,
22,44349,,110219214848.0,,,
22,44399,,33971737985024.0,,,
22,44449,,261705465856.0,,,
22,44499,,101158092800.0,,,
22,44549,,13724790784.0,,,
22,44599,,41343045632.0,,,
22,44649,,19910402048.0,,,
22,44699,,30320013312.0,,,
22,44749,,137658073088.0,,,
22,44799,,21398665216.0,,,
22,44849,,7156318208.0,,,
22,44899,,13449323520.0,,,
22,44949,,13928921088.0,,,
22,44999,,6670962688.0,,,
22,45010,,,34173.81640625,45687.66015625,2087362176.0
22,45010,892219031552.0,,,,
23,45049,,25311772672.0,,,
23,45099,,15679002624.0,,,
23,45149,,46111432704.0,,,
23,45199,,6883521536.0,,,
23,45249,,3598698496.0,,,
23,45299,,16875624448.0,,,
23,45349,,14578512896.0,,,
23,45399,,5578176000.0,,,
23,45449,,17364512768.0,,,
23,45499,,30407503872.0,,,
23,45549,,6915091456.0,,,
23,45599,,12480608256.0,,,
23,45649,,5009845760.0,,,
23,45699,,3502003712.0,,,
23,45749,,2551610368.0,,,
23,45799,,5321491456.0,,,
23,45849,,2552204288.0,,,
23,45899,,25003022336.0,,,
23,45949,,52439003136.0,,,
23,45999,,3343977216.0,,,
23,46049,,1556685568.0,,,
23,46099,,3404070656.0,,,
23,46149,,871275392.0,,,
23,46199,,1670317952.0,,,
23,46249,,3170393344.0,,,
23,46299,,2002722048.0,,,
23,46349,,10226820096.0,,,
23,46399,,848643712.0,,,
23,46449,,2949966336.0,,,
23,46499,,1014893568.0,,,
23,46549,,1358769536.0,,,
23,46599,,1322604416.0,,,
23,46649,,8172559360.0,,,
23,46699,,3486201856.0,,,
23,46749,,5763825664.0,,,
23,46799,,2411551232.0,,,
23,46849,,264453584.0,,,
23,46899,,1674633344.0,,,
23,46949,,1084148992.0,,,
23,46967,,,3388.715087890625,4938.41162109375,24387908.0
23,46967,6930478592.0,,,,
24,46999,,895746368.0,,,
24,47049,,2283382528.0,,,
24,47099,,2804406272.0,,,
24,47149,,714525568.0,,,
24,47199,,746836288.0,,,
24,47249,,1491826944.0,,,
24,47299,,1623285504.0,,,
24,47349,,6277053440.0,,,
24,47399,,1312973312.0,,,
24,47449,,1000137600.0,,,
24,47499,,2857426688.0,,,
24,47549,,4668206592.0,,,
24,47599,,1625242624.0,,,
24,47649,,455570848.0,,,
24,47699,,870127424.0,,,
24,47749,,473869888.0,,,
24,47799,,837422656.0,,,
24,47849,,998652544.0,,,
24,47899,,1337071232.0,,,
24,47949,,1410947712.0,,,
24,47999,,685312576.0,,,
24,48049,,2766856192.0,,,
24,48099,,615292224.0,,,
24,48149,,852374144.0,,,
24,48199,,540993408.0,,,
24,48249,,1031999488.0,,,
24,48299,,165944544.0,,,
24,48349,,535513664.0,,,
24,48399,,388008640.0,,,
24,48449,,359345632.0,,,
24,48499,,84457656.0,,,
24,48549,,512592896.0,,,
24,48599,,3148341248.0,,,
24,48649,,321385312.0,,,
24,48699,,53093560.0,,,
24,48749,,281293632.0,,,
24,48799,,48356664.0,,,
24,48849,,228457056.0,,,
24,48899,,259898416.0,,,
24,48924,,,3120.928955078125,4700.36962890625,22093474.0
24,48924,1264331776.0,,,,
25,48949,,255001888.0,,,
25,48999,,477048576.0,,,
25,49049,,1826702080.0,,,
25,49099,,255852880.0,,,
25,49149,,1806535936.0,,,
25,49199,,872269312.0,,,
25,49249,,2983469312.0,,,
